Aula,Situazione,BSSID,SSID,Signal
E3,Empty,00:81:c4:93:d3:41,ALMAWIFI,-64.0
E3,Empty,00:81:c4:93:d3:4e,ALMAWIFI,-79.0
E3,Empty,00:a6:ca:56:76:fe,ALMAWIFI,-46.0
E3,Empty,00:a6:ca:56:76:f1,ALMAWIFI,-47.0
E3,Empty,8c:1e:80:46:19:4e,ALMAWIFI,-73.0
E3,Empty,00:a6:ca:10:c8:0e,ALMAWIFI,-68.0
E3,Empty,00:a6:ca:10:c8:01,ALMAWIFI,-68.0
E3,Empty,60:b9:c0:9c:49:02,ALMAWIFI,-82.0
E3,Empty,b8:11:4b:07:8f:0e,ALMAWIFI,-96.0
E3,Empty,60:b9:c0:9c:49:0d,ALMAWIFI,-92.0
E3,Empty,00:81:c4:93:d3:41,ALMAWIFI,-65.0
E3,Empty,00:81:c4:93:d3:4e,ALMAWIFI,-77.0
E3,Empty,00:a6:ca:56:76:fe,ALMAWIFI,-46.0
E3,Empty,00:a6:ca:56:76:f1,ALMAWIFI,-47.0
E3,Empty,8c:1e:80:46:19:4e,ALMAWIFI,-76.0
E3,Empty,00:a6:ca:10:c8:0e,ALMAWIFI,-69.0
E3,Empty,00:a6:ca:10:c8:01,ALMAWIFI,-64.0
E3,Empty,60:b9:c0:9c:49:02,ALMAWIFI,-82.0
E3,Empty,b8:11:4b:07:8f:0e,ALMAWIFI,-89.0
E3,Empty,60:b9:c0:9c:49:0d,ALMAWIFI,-93.0
E3,Empty,b8:11:4b:07:8f:01,ALMAWIFI,-73.0
E3,Empty,8c:1e:80:46:19:41,ALMAWIFI,-65.0
E3,Empty,00:a6:ca:5f:8d:21,ALMAWIFI,-68.0
E3,Empty,00:81:c4:93:d3:41,ALMAWIFI,-67.0
E3,Empty,00:81:c4:93:d3:4e,ALMAWIFI,-76.0
E3,Empty,00:a6:ca:56:76:fe,ALMAWIFI,-58.0
E3,Empty,00:a6:ca:56:76:f1,ALMAWIFI,-51.0
E3,Empty,8c:1e:80:46:19:4e,ALMAWIFI,-73.0
E3,Empty,00:a6:ca:10:c8:0e,ALMAWIFI,-71.0
E3,Empty,00:a6:ca:10:c8:01,ALMAWIFI,-68.0
E3,Empty,60:b9:c0:9c:49:02,ALMAWIFI,-76.0
E3,Empty,b8:11:4b:07:8f:0e,ALMAWIFI,-90.0
E3,Empty,60:b9:c0:9c:49:0d,ALMAWIFI,-92.0
E3,Empty,b8:11:4b:07:8f:01,ALMAWIFI,-84.0
E3,Empty,8c:1e:80:46:19:41,ALMAWIFI,-65.0
E3,Empty,00:a6:ca:5f:8d:21,ALMAWIFI,-72.0
E3,Empty,b0:aa:77:a8:42:51,ALMAWIFI,-75.0
E3,Empty,00:81:c4:93:d3:41,ALMAWIFI,-63.0
E3,Empty,00:81:c4:93:d3:4e,ALMAWIFI,-76.0
E3,Empty,00:a6:ca:56:76:fe,ALMAWIFI,-60.0
E3,Empty,00:a6:ca:56:76:f1,ALMAWIFI,-52.0
E3,Empty,8c:1e:80:46:19:4e,ALMAWIFI,-86.0
E3,Empty,00:a6:ca:10:c8:0e,ALMAWIFI,-74.0
E3,Empty,00:a6:ca:10:c8:01,ALMAWIFI,-70.0
E3,Empty,60:b9:c0:9c:49:02,ALMAWIFI,-81.0
E3,Empty,b8:11:4b:07:8f:0e,ALMAWIFI,-92.0
E3,Empty,60:b9:c0:9c:49:0d,ALMAWIFI,-93.0
E3,Empty,b8:11:4b:07:8f:01,ALMAWIFI,-71.0
E3,Empty,8c:1e:80:46:19:41,ALMAWIFI,-65.0
E3,Empty,00:a6:ca:5f:8d:21,ALMAWIFI,-72.0
E3,Empty,b0:aa:77:a8:42:51,ALMAWIFI,-73.0
E3,Empty,00:81:c4:93:d3:41,ALMAWIFI,-62.0
E3,Empty,00:81:c4:93:d3:4e,ALMAWIFI,-72.0
E3,Empty,00:a6:ca:56:76:fe,ALMAWIFI,-57.0
E3,Empty,00:a6:ca:56:76:f1,ALMAWIFI,-51.0
E3,Empty,8c:1e:80:46:19:4e,ALMAWIFI,-74.0
E3,Empty,00:a6:ca:10:c8:0e,ALMAWIFI,-78.0
E3,Empty,00:a6:ca:10:c8:01,ALMAWIFI,-70.0
E3,Empty,60:b9:c0:9c:49:02,ALMAWIFI,-81.0
E3,Empty,b8:11:4b:07:8f:0e,ALMAWIFI,-92.0
E3,Empty,60:b9:c0:9c:49:0d,ALMAWIFI,-93.0
E3,Empty,b8:11:4b:07:8f:01,ALMAWIFI,-71.0
E3,Empty,8c:1e:80:46:19:41,ALMAWIFI,-62.0
E3,Empty,00:a6:ca:5f:8d:21,ALMAWIFI,-80.0
E3,Empty,b0:aa:77:a8:42:51,ALMAWIFI,-73.0
E3,Empty,00:81:c4:93:d3:41,ALMAWIFI,-60.0
E3,Empty,00:81:c4:93:d3:4e,ALMAWIFI,-72.0
E3,Empty,00:a6:ca:56:76:fe,ALMAWIFI,-62.0
E3,Empty,00:a6:ca:56:76:f1,ALMAWIFI,-52.0
E3,Empty,8c:1e:80:46:19:4e,ALMAWIFI,-77.0
E3,Empty,00:a6:ca:10:c8:0e,ALMAWIFI,-71.0
E3,Empty,00:a6:ca:10:c8:01,ALMAWIFI,-67.0
E3,Empty,60:b9:c0:9c:49:02,ALMAWIFI,-81.0
E3,Empty,b8:11:4b:07:8f:0e,ALMAWIFI,-93.0
E3,Empty,60:b9:c0:9c:49:0d,ALMAWIFI,-93.0
E3,Empty,b8:11:4b:07:8f:01,ALMAWIFI,-71.0
E3,Empty,8c:1e:80:46:19:41,ALMAWIFI,-62.0
E3,Empty,00:a6:ca:5f:8d:21,ALMAWIFI,-76.0
E3,Empty,b0:aa:77:a8:42:51,ALMAWIFI,-73.0
E3,Empty,38:91:b7:3d:b9:21,ALMAWIFI,-85.0
E3,Empty,38:91:b7:3d:b9:2e,ALMAWIFI,-96.0
E3,Empty,00:81:c4:93:d3:41,ALMAWIFI,-60.0
E3,Empty,00:81:c4:93:d3:4e,ALMAWIFI,-74.0
E3,Empty,00:a6:ca:56:76:fe,ALMAWIFI,-57.0
E3,Empty,00:a6:ca:56:76:f1,ALMAWIFI,-51.0
E3,Empty,8c:1e:80:46:19:4e,ALMAWIFI,-72.0
E3,Empty,00:a6:ca:10:c8:0e,ALMAWIFI,-77.0
E3,Empty,00:a6:ca:10:c8:01,ALMAWIFI,-67.0
E3,Empty,60:b9:c0:9c:49:02,ALMAWIFI,-81.0
E3,Empty,b8:11:4b:07:8f:0e,ALMAWIFI,-93.0
E3,Empty,60:b9:c0:9c:49:0d,ALMAWIFI,-93.0
E3,Empty,b8:11:4b:07:8f:01,ALMAWIFI,-79.0
E3,Empty,8c:1e:80:46:19:41,ALMAWIFI,-62.0
E3,Empty,00:a6:ca:5f:8d:21,ALMAWIFI,-76.0
E3,Empty,b0:aa:77:a8:42:51,ALMAWIFI,-73.0
E3,Empty,38:91:b7:3d:b9:21,ALMAWIFI,-85.0
E3,Empty,38:91:b7:3d:b9:2e,ALMAWIFI,-96.0
E3,Empty,2c:31:24:c0:bc:01,ALMAWIFI,-86.0
E3,Empty,00:81:c4:93:d3:41,ALMAWIFI,-62.0
E3,Empty,00:81:c4:93:d3:4e,ALMAWIFI,-82.0
E3,Empty,00:a6:ca:56:76:fe,ALMAWIFI,-63.0
E3,Empty,00:a6:ca:56:76:f1,ALMAWIFI,-45.0
E3,Empty,8c:1e:80:46:19:4e,ALMAWIFI,-79.0
E3,Empty,00:a6:ca:10:c8:0e,ALMAWIFI,-82.0
E3,Empty,00:a6:ca:10:c8:01,ALMAWIFI,-67.0
E3,Empty,60:b9:c0:9c:49:02,ALMAWIFI,-85.0
E3,Empty,b8:11:4b:07:8f:0e,ALMAWIFI,-93.0
E3,Empty,60:b9:c0:9c:49:0d,ALMAWIFI,-93.0
E3,Empty,b8:11:4b:07:8f:01,ALMAWIFI,-82.0
E3,Empty,8c:1e:80:46:19:41,ALMAWIFI,-62.0
E3,Empty,00:a6:ca:5f:8d:21,ALMAWIFI,-72.0
E3,Empty,b0:aa:77:a8:42:51,ALMAWIFI,-77.0
E3,Empty,38:91:b7:3d:b9:21,ALMAWIFI,-83.0
E3,Empty,38:91:b7:3d:b9:2e,ALMAWIFI,-96.0
E3,Empty,2c:31:24:c0:bc:01,ALMAWIFI,-86.0
E3,Empty,00:81:c4:93:d3:41,ALMAWIFI,-65.0
E3,Empty,00:81:c4:93:d3:4e,ALMAWIFI,-76.0
E3,Empty,00:a6:ca:56:76:fe,ALMAWIFI,-50.0
E3,Empty,00:a6:ca:56:76:f1,ALMAWIFI,-46.0
E3,Empty,8c:1e:80:46:19:4e,ALMAWIFI,-78.0
E3,Empty,00:a6:ca:10:c8:0e,ALMAWIFI,-78.0
E3,Empty,00:a6:ca:10:c8:01,ALMAWIFI,-68.0
E3,Empty,60:b9:c0:9c:49:02,ALMAWIFI,-85.0
E3,Empty,b8:11:4b:07:8f:0e,ALMAWIFI,-93.0
E3,Empty,60:b9:c0:9c:49:0d,ALMAWIFI,-93.0
E3,Empty,b8:11:4b:07:8f:01,ALMAWIFI,-82.0
E3,Empty,8c:1e:80:46:19:41,ALMAWIFI,-62.0
E3,Empty,00:a6:ca:5f:8d:21,ALMAWIFI,-72.0
E3,Empty,b0:aa:77:a8:42:51,ALMAWIFI,-77.0
E3,Empty,38:91:b7:3d:b9:21,ALMAWIFI,-84.0
E3,Empty,38:91:b7:3d:b9:2e,ALMAWIFI,-96.0
E3,Empty,2c:31:24:c0:bc:01,ALMAWIFI,-86.0
E3,Empty,00:a6:ca:5f:8d:2e,ALMAWIFI,-87.0
E3,Empty,00:81:c4:93:d3:41,ALMAWIFI,-63.0
E3,Empty,00:81:c4:93:d3:4e,ALMAWIFI,-76.0
E3,Empty,00:a6:ca:56:76:fe,ALMAWIFI,-59.0
E3,Empty,00:a6:ca:56:76:f1,ALMAWIFI,-49.0
E3,Empty,8c:1e:80:46:19:4e,ALMAWIFI,-80.0
E3,Empty,00:a6:ca:10:c8:0e,ALMAWIFI,-81.0
E3,Empty,00:a6:ca:10:c8:01,ALMAWIFI,-68.0
E3,Empty,60:b9:c0:9c:49:02,ALMAWIFI,-85.0
E3,Empty,b8:11:4b:07:8f:0e,ALMAWIFI,-93.0
E3,Empty,60:b9:c0:9c:49:0d,ALMAWIFI,-93.0
E3,Empty,b8:11:4b:07:8f:01,ALMAWIFI,-82.0
E3,Empty,8c:1e:80:46:19:41,ALMAWIFI,-62.0
E3,Empty,00:a6:ca:5f:8d:21,ALMAWIFI,-76.0
E3,Empty,b0:aa:77:a8:42:51,ALMAWIFI,-77.0
E3,Empty,38:91:b7:3d:b9:21,ALMAWIFI,-80.0
E3,Empty,38:91:b7:3d:b9:2e,ALMAWIFI,-96.0
E3,Empty,2c:31:24:c0:bc:01,ALMAWIFI,-86.0
E3,Empty,00:a6:ca:5f:8d:2e,ALMAWIFI,-91.0
E3,Empty,00:81:c4:93:d3:41,ALMAWIFI,-59.0
E3,Empty,00:81:c4:93:d3:4e,ALMAWIFI,-71.0
E3,Empty,00:a6:ca:56:76:fe,ALMAWIFI,-51.0
E3,Empty,00:a6:ca:56:76:f1,ALMAWIFI,-47.0
E3,Empty,8c:1e:80:46:19:4e,ALMAWIFI,-70.0
E3,Empty,00:a6:ca:10:c8:0e,ALMAWIFI,-82.0
E3,Empty,00:a6:ca:10:c8:01,ALMAWIFI,-71.0
E3,Empty,60:b9:c0:9c:49:02,ALMAWIFI,-83.0
E3,Empty,b8:11:4b:07:8f:0e,ALMAWIFI,-93.0
E3,Empty,60:b9:c0:9c:49:0d,ALMAWIFI,-93.0
E3,Empty,b8:11:4b:07:8f:01,ALMAWIFI,-82.0
E3,Empty,8c:1e:80:46:19:41,ALMAWIFI,-65.0
E3,Empty,00:a6:ca:5f:8d:21,ALMAWIFI,-76.0
E3,Empty,b0:aa:77:a8:42:51,ALMAWIFI,-77.0
E3,Empty,38:91:b7:3d:b9:21,ALMAWIFI,-82.0
E3,Empty,38:91:b7:3d:b9:2e,ALMAWIFI,-96.0
E3,Empty,2c:31:24:c0:bc:01,ALMAWIFI,-86.0
E3,Empty,00:a6:ca:5f:8d:2e,ALMAWIFI,-91.0
E3,Empty,00:81:c4:93:d3:41,ALMAWIFI,-53.0
E3,Empty,00:81:c4:93:d3:4e,ALMAWIFI,-71.0
E3,Empty,00:a6:ca:56:76:fe,ALMAWIFI,-53.0
E3,Empty,00:a6:ca:56:76:f1,ALMAWIFI,-54.0
E3,Empty,8c:1e:80:46:19:4e,ALMAWIFI,-70.0
E3,Empty,00:a6:ca:10:c8:0e,ALMAWIFI,-74.0
E3,Empty,00:a6:ca:10:c8:01,ALMAWIFI,-67.0
E3,Empty,60:b9:c0:9c:49:02,ALMAWIFI,-84.0
E3,Empty,b8:11:4b:07:8f:0e,ALMAWIFI,-93.0
E3,Empty,60:b9:c0:9c:49:0d,ALMAWIFI,-93.0
E3,Empty,b8:11:4b:07:8f:01,ALMAWIFI,-81.0
E3,Empty,8c:1e:80:46:19:41,ALMAWIFI,-65.0
E3,Empty,00:a6:ca:5f:8d:21,ALMAWIFI,-73.0
E3,Empty,b0:aa:77:a8:42:51,ALMAWIFI,-76.0
E3,Empty,38:91:b7:3d:b9:21,ALMAWIFI,-82.0
E3,Empty,38:91:b7:3d:b9:2e,ALMAWIFI,-96.0
E3,Empty,2c:31:24:c0:bc:01,ALMAWIFI,-86.0
E3,Empty,00:a6:ca:5f:8d:2e,ALMAWIFI,-91.0
E3,Empty,00:81:c4:93:d3:41,ALMAWIFI,-66.0
E3,Empty,00:81:c4:93:d3:4e,ALMAWIFI,-76.0
E3,Empty,00:a6:ca:56:76:fe,ALMAWIFI,-44.0
E3,Empty,00:a6:ca:56:76:f1,ALMAWIFI,-49.0
E3,Empty,8c:1e:80:46:19:4e,ALMAWIFI,-77.0
E3,Empty,00:a6:ca:10:c8:0e,ALMAWIFI,-74.0
E3,Empty,00:a6:ca:10:c8:01,ALMAWIFI,-67.0
E3,Empty,60:b9:c0:9c:49:02,ALMAWIFI,-82.0
E3,Empty,b8:11:4b:07:8f:0e,ALMAWIFI,-93.0
E3,Empty,60:b9:c0:9c:49:0d,ALMAWIFI,-93.0
E3,Empty,b8:11:4b:07:8f:01,ALMAWIFI,-82.0
E3,Empty,8c:1e:80:46:19:41,ALMAWIFI,-65.0
E3,Empty,00:a6:ca:5f:8d:21,ALMAWIFI,-73.0
E3,Empty,b0:aa:77:a8:42:51,ALMAWIFI,-76.0
E3,Empty,38:91:b7:3d:b9:21,ALMAWIFI,-82.0
E3,Empty,38:91:b7:3d:b9:2e,ALMAWIFI,-96.0
E3,Empty,2c:31:24:c0:bc:01,ALMAWIFI,-86.0
E3,Empty,00:a6:ca:5f:8d:2e,ALMAWIFI,-87.0
E3,Empty,00:81:c4:93:d3:41,ALMAWIFI,-62.0
E3,Empty,00:81:c4:93:d3:4e,ALMAWIFI,-76.0
E3,Empty,00:a6:ca:56:76:fe,ALMAWIFI,-59.0
E3,Empty,00:a6:ca:56:76:f1,ALMAWIFI,-49.0
E3,Empty,8c:1e:80:46:19:4e,ALMAWIFI,-77.0
E3,Empty,00:a6:ca:10:c8:0e,ALMAWIFI,-78.0
E3,Empty,00:a6:ca:10:c8:01,ALMAWIFI,-67.0
E3,Empty,60:b9:c0:9c:49:02,ALMAWIFI,-83.0
E3,Empty,b8:11:4b:07:8f:0e,ALMAWIFI,-93.0
E3,Empty,60:b9:c0:9c:49:0d,ALMAWIFI,-93.0
E3,Empty,b8:11:4b:07:8f:01,ALMAWIFI,-80.0
E3,Empty,8c:1e:80:46:19:41,ALMAWIFI,-60.0
E3,Empty,00:a6:ca:5f:8d:21,ALMAWIFI,-73.0
E3,Empty,b0:aa:77:a8:42:51,ALMAWIFI,-75.0
E3,Empty,38:91:b7:3d:b9:21,ALMAWIFI,-82.0
E3,Empty,38:91:b7:3d:b9:2e,ALMAWIFI,-96.0
E3,Empty,2c:31:24:c0:bc:01,ALMAWIFI,-86.0
E3,Empty,00:a6:ca:5f:8d:2e,ALMAWIFI,-87.0
E3,Empty,00:81:c4:93:d3:41,ALMAWIFI,-62.0
E3,Empty,00:81:c4:93:d3:4e,ALMAWIFI,-74.0
E3,Empty,00:a6:ca:56:76:fe,ALMAWIFI,-48.0
E3,Empty,00:a6:ca:56:76:f1,ALMAWIFI,-44.0
E3,Empty,8c:1e:80:46:19:4e,ALMAWIFI,-73.0
E3,Empty,00:a6:ca:10:c8:0e,ALMAWIFI,-68.0
E3,Empty,00:a6:ca:10:c8:01,ALMAWIFI,-67.0
E3,Empty,60:b9:c0:9c:49:02,ALMAWIFI,-83.0
E3,Empty,b8:11:4b:07:8f:0e,ALMAWIFI,-95.0
E3,Empty,60:b9:c0:9c:49:0d,ALMAWIFI,-92.0
E3,Empty,b8:11:4b:07:8f:01,ALMAWIFI,-80.0
E3,Empty,8c:1e:80:46:19:41,ALMAWIFI,-60.0
E3,Empty,00:a6:ca:5f:8d:21,ALMAWIFI,-76.0
E3,Empty,b0:aa:77:a8:42:51,ALMAWIFI,-75.0
E3,Empty,38:91:b7:3d:b9:21,ALMAWIFI,-82.0
E3,Empty,00:a6:ca:5f:8d:2e,ALMAWIFI,-90.0
E3,Empty,00:81:c4:93:d3:41,ALMAWIFI,-63.0
E3,Empty,00:81:c4:93:d3:4e,ALMAWIFI,-83.0
E3,Empty,00:a6:ca:56:76:fe,ALMAWIFI,-57.0
E3,Empty,00:a6:ca:56:76:f1,ALMAWIFI,-46.0
E3,Empty,8c:1e:80:46:19:4e,ALMAWIFI,-70.0
E3,Empty,00:a6:ca:10:c8:0e,ALMAWIFI,-77.0
E3,Empty,00:a6:ca:10:c8:01,ALMAWIFI,-69.0
E3,Empty,60:b9:c0:9c:49:02,ALMAWIFI,-83.0
E3,Empty,b8:11:4b:07:8f:0e,ALMAWIFI,-95.0
E3,Empty,60:b9:c0:9c:49:0d,ALMAWIFI,-92.0
E3,Empty,b8:11:4b:07:8f:01,ALMAWIFI,-81.0
E3,Empty,8c:1e:80:46:19:41,ALMAWIFI,-60.0
E3,Empty,00:a6:ca:5f:8d:21,ALMAWIFI,-77.0
E3,Empty,b0:aa:77:a8:42:51,ALMAWIFI,-75.0
E3,Empty,38:91:b7:3d:b9:21,ALMAWIFI,-82.0
E3,Empty,00:a6:ca:5f:8d:2e,ALMAWIFI,-90.0
E3,Empty,00:81:c4:93:d3:41,ALMAWIFI,-66.0
E3,Empty,00:81:c4:93:d3:4e,ALMAWIFI,-78.0
E3,Empty,00:a6:ca:56:76:fe,ALMAWIFI,-48.0
E3,Empty,00:a6:ca:56:76:f1,ALMAWIFI,-49.0
E3,Empty,8c:1e:80:46:19:4e,ALMAWIFI,-73.0
E3,Empty,00:a6:ca:10:c8:0e,ALMAWIFI,-69.0
E3,Empty,00:a6:ca:10:c8:01,ALMAWIFI,-69.0
E3,Empty,60:b9:c0:9c:49:02,ALMAWIFI,-79.0
E3,Empty,b8:11:4b:07:8f:0e,ALMAWIFI,-95.0
E3,Empty,60:b9:c0:9c:49:0d,ALMAWIFI,-90.0
E3,Empty,b8:11:4b:07:8f:01,ALMAWIFI,-81.0
E3,Empty,8c:1e:80:46:19:41,ALMAWIFI,-60.0
E3,Empty,00:a6:ca:5f:8d:21,ALMAWIFI,-77.0
E3,Empty,b0:aa:77:a8:42:51,ALMAWIFI,-75.0
E3,Empty,38:91:b7:3d:b9:21,ALMAWIFI,-82.0
E3,Empty,00:a6:ca:5f:8d:2e,ALMAWIFI,-89.0
E3,Empty,38:91:b7:3d:b9:2e,ALMAWIFI,-96.0
E3,Empty,00:81:c4:93:d3:41,ALMAWIFI,-64.0
E3,Empty,00:81:c4:93:d3:4e,ALMAWIFI,-83.0
E3,Empty,00:a6:ca:56:76:fe,ALMAWIFI,-48.0
E3,Empty,00:a6:ca:56:76:f1,ALMAWIFI,-53.0
E3,Empty,8c:1e:80:46:19:4e,ALMAWIFI,-73.0
E3,Empty,00:a6:ca:10:c8:0e,ALMAWIFI,-74.0
E3,Empty,00:a6:ca:10:c8:01,ALMAWIFI,-69.0
E3,Empty,60:b9:c0:9c:49:02,ALMAWIFI,-79.0
E3,Empty,b8:11:4b:07:8f:0e,ALMAWIFI,-95.0
E3,Empty,60:b9:c0:9c:49:0d,ALMAWIFI,-90.0
E3,Empty,b8:11:4b:07:8f:01,ALMAWIFI,-83.0
E3,Empty,8c:1e:80:46:19:41,ALMAWIFI,-60.0
E3,Empty,00:a6:ca:5f:8d:21,ALMAWIFI,-77.0
E3,Empty,b0:aa:77:a8:42:51,ALMAWIFI,-74.0
E3,Empty,38:91:b7:3d:b9:21,ALMAWIFI,-82.0
E3,Empty,00:a6:ca:5f:8d:2e,ALMAWIFI,-89.0
E3,Empty,38:91:b7:3d:b9:2e,ALMAWIFI,-96.0
E3,Empty,00:81:c4:93:d3:41,ALMAWIFI,-67.0
E3,Empty,00:81:c4:93:d3:4e,ALMAWIFI,-78.0
E3,Empty,00:a6:ca:56:76:fe,ALMAWIFI,-45.0
E3,Empty,00:a6:ca:56:76:f1,ALMAWIFI,-51.0
E3,Empty,8c:1e:80:46:19:4e,ALMAWIFI,-68.0
E3,Empty,00:a6:ca:10:c8:0e,ALMAWIFI,-74.0
E3,Empty,00:a6:ca:10:c8:01,ALMAWIFI,-69.0
E3,Empty,60:b9:c0:9c:49:02,ALMAWIFI,-83.0
E3,Empty,b8:11:4b:07:8f:0e,ALMAWIFI,-95.0
E3,Empty,60:b9:c0:9c:49:0d,ALMAWIFI,-92.0
E3,Empty,b8:11:4b:07:8f:01,ALMAWIFI,-82.0
E3,Empty,8c:1e:80:46:19:41,ALMAWIFI,-63.0
E3,Empty,00:a6:ca:5f:8d:21,ALMAWIFI,-80.0
E3,Empty,b0:aa:77:a8:42:51,ALMAWIFI,-80.0
E3,Empty,38:91:b7:3d:b9:21,ALMAWIFI,-82.0
E3,Empty,00:a6:ca:5f:8d:2e,ALMAWIFI,-89.0
E3,Empty,38:91:b7:3d:b9:2e,ALMAWIFI,-96.0
E3,Empty,00:81:c4:93:d3:41,ALMAWIFI,-59.0
E3,Empty,00:81:c4:93:d3:4e,ALMAWIFI,-78.0
E3,Empty,00:a6:ca:56:76:fe,ALMAWIFI,-44.0
E3,Empty,00:a6:ca:56:76:f1,ALMAWIFI,-54.0
E3,Empty,8c:1e:80:46:19:4e,ALMAWIFI,-69.0
E3,Empty,00:a6:ca:10:c8:0e,ALMAWIFI,-80.0
E3,Empty,00:a6:ca:10:c8:01,ALMAWIFI,-73.0
E3,Empty,60:b9:c0:9c:49:02,ALMAWIFI,-80.0
E3,Empty,b8:11:4b:07:8f:0e,ALMAWIFI,-95.0
E3,Empty,60:b9:c0:9c:49:0d,ALMAWIFI,-93.0
E3,Empty,b8:11:4b:07:8f:01,ALMAWIFI,-82.0
E3,Empty,8c:1e:80:46:19:41,ALMAWIFI,-63.0
E3,Empty,00:a6:ca:5f:8d:21,ALMAWIFI,-80.0
E3,Empty,b0:aa:77:a8:42:51,ALMAWIFI,-74.0
E3,Empty,00:a6:ca:5f:8d:2e,ALMAWIFI,-89.0
E3,Empty,38:91:b7:3d:b9:2e,ALMAWIFI,-96.0
E3,Empty,00:81:c4:93:d3:41,ALMAWIFI,-62.0
E3,Empty,00:81:c4:93:d3:4e,ALMAWIFI,-78.0
E3,Empty,00:a6:ca:56:76:fe,ALMAWIFI,-44.0
E3,Empty,00:a6:ca:56:76:f1,ALMAWIFI,-55.0
E3,Empty,8c:1e:80:46:19:4e,ALMAWIFI,-77.0
E3,Empty,00:a6:ca:10:c8:0e,ALMAWIFI,-74.0
E3,Empty,00:a6:ca:10:c8:01,ALMAWIFI,-76.0
E3,Empty,60:b9:c0:9c:49:02,ALMAWIFI,-84.0
E3,Empty,b8:11:4b:07:8f:0e,ALMAWIFI,-95.0
E3,Empty,60:b9:c0:9c:49:0d,ALMAWIFI,-93.0
E3,Empty,b8:11:4b:07:8f:01,ALMAWIFI,-82.0
E3,Empty,8c:1e:80:46:19:41,ALMAWIFI,-63.0
E3,Empty,00:a6:ca:5f:8d:21,ALMAWIFI,-80.0
E3,Empty,b0:aa:77:a8:42:51,ALMAWIFI,-78.0
E3,Empty,00:a6:ca:5f:8d:2e,ALMAWIFI,-83.0
E3,Empty,38:91:b7:3d:b9:2e,ALMAWIFI,-95.0
E3,Empty,00:81:c4:93:d3:41,ALMAWIFI,-67.0
E3,Empty,00:81:c4:93:d3:4e,ALMAWIFI,-83.0
E3,Empty,00:a6:ca:56:76:fe,ALMAWIFI,-39.0
E3,Empty,00:a6:ca:56:76:f1,ALMAWIFI,-52.0
E3,Empty,8c:1e:80:46:19:4e,ALMAWIFI,-64.0
E3,Empty,00:a6:ca:10:c8:0e,ALMAWIFI,-75.0
E3,Empty,00:a6:ca:10:c8:01,ALMAWIFI,-76.0
E3,Empty,60:b9:c0:9c:49:02,ALMAWIFI,-84.0
E3,Empty,b8:11:4b:07:8f:0e,ALMAWIFI,-95.0
E3,Empty,60:b9:c0:9c:49:0d,ALMAWIFI,-93.0
E3,Empty,b8:11:4b:07:8f:01,ALMAWIFI,-82.0
E3,Empty,8c:1e:80:46:19:41,ALMAWIFI,-52.0
E3,Empty,00:a6:ca:5f:8d:21,ALMAWIFI,-78.0
E3,Empty,b0:aa:77:a8:42:51,ALMAWIFI,-78.0
E3,Empty,00:a6:ca:5f:8d:2e,ALMAWIFI,-83.0
E3,Empty,38:91:b7:3d:b9:2e,ALMAWIFI,-95.0
E3,Empty,b0:aa:77:a8:42:5e,ALMAWIFI,-89.0
E3,Empty,00:81:c4:93:d3:41,ALMAWIFI,-63.0
E3,Empty,00:81:c4:93:d3:4e,ALMAWIFI,-78.0
E3,Empty,00:a6:ca:56:76:fe,ALMAWIFI,-37.0
E3,Empty,00:a6:ca:56:76:f1,ALMAWIFI,-50.0
E3,Empty,8c:1e:80:46:19:4e,ALMAWIFI,-64.0
E3,Empty,00:a6:ca:10:c8:0e,ALMAWIFI,-75.0
E3,Empty,00:a6:ca:10:c8:01,ALMAWIFI,-73.0
E3,Empty,60:b9:c0:9c:49:02,ALMAWIFI,-82.0
E3,Empty,b8:11:4b:07:8f:0e,ALMAWIFI,-95.0
E3,Empty,60:b9:c0:9c:49:0d,ALMAWIFI,-93.0
E3,Empty,b8:11:4b:07:8f:01,ALMAWIFI,-84.0
E3,Empty,8c:1e:80:46:19:41,ALMAWIFI,-61.0
E3,Empty,00:a6:ca:5f:8d:21,ALMAWIFI,-76.0
E3,Empty,b0:aa:77:a8:42:51,ALMAWIFI,-78.0
E3,Empty,00:a6:ca:5f:8d:2e,ALMAWIFI,-83.0
E3,Empty,38:91:b7:3d:b9:2e,ALMAWIFI,-95.0
E3,Empty,b0:aa:77:a8:42:5e,ALMAWIFI,-89.0
E3,Empty,00:81:c4:93:d3:41,ALMAWIFI,-63.0
E3,Empty,00:81:c4:93:d3:4e,ALMAWIFI,-78.0
E3,Empty,00:a6:ca:56:76:fe,ALMAWIFI,-42.0
E3,Empty,00:a6:ca:56:76:f1,ALMAWIFI,-50.0
E3,Empty,8c:1e:80:46:19:4e,ALMAWIFI,-64.0
E3,Empty,00:a6:ca:10:c8:0e,ALMAWIFI,-75.0
E3,Empty,00:a6:ca:10:c8:01,ALMAWIFI,-69.0
E3,Empty,60:b9:c0:9c:49:02,ALMAWIFI,-82.0
E3,Empty,b8:11:4b:07:8f:0e,ALMAWIFI,-95.0
E3,Empty,60:b9:c0:9c:49:0d,ALMAWIFI,-93.0
E3,Empty,b8:11:4b:07:8f:01,ALMAWIFI,-84.0
E3,Empty,8c:1e:80:46:19:41,ALMAWIFI,-70.0
E3,Empty,00:a6:ca:5f:8d:21,ALMAWIFI,-76.0
E3,Empty,b0:aa:77:a8:42:51,ALMAWIFI,-78.0
E3,Empty,00:a6:ca:5f:8d:2e,ALMAWIFI,-86.0
E3,Empty,38:91:b7:3d:b9:2e,ALMAWIFI,-95.0
E3,Empty,b0:aa:77:a8:42:5e,ALMAWIFI,-89.0
E3,Empty,38:91:b7:3d:b9:21,ALMAWIFI,-80.0
E3,Empty,00:81:c4:93:d3:41,ALMAWIFI,-66.0
E3,Empty,00:81:c4:93:d3:4e,ALMAWIFI,-78.0
E3,Empty,00:a6:ca:56:76:fe,ALMAWIFI,-40.0
E3,Empty,00:a6:ca:56:76:f1,ALMAWIFI,-41.0
E3,Empty,8c:1e:80:46:19:4e,ALMAWIFI,-64.0
E3,Empty,00:a6:ca:10:c8:0e,ALMAWIFI,-75.0
E3,Empty,00:a6:ca:10:c8:01,ALMAWIFI,-71.0
E3,Empty,60:b9:c0:9c:49:02,ALMAWIFI,-82.0
E3,Empty,b8:11:4b:07:8f:0e,ALMAWIFI,-95.0
E3,Empty,60:b9:c0:9c:49:0d,ALMAWIFI,-90.0
E3,Empty,b8:11:4b:07:8f:01,ALMAWIFI,-85.0
E3,Empty,8c:1e:80:46:19:41,ALMAWIFI,-55.0
E3,Empty,00:a6:ca:5f:8d:21,ALMAWIFI,-74.0
E3,Empty,b0:aa:77:a8:42:51,ALMAWIFI,-73.0
E3,Empty,00:a6:ca:5f:8d:2e,ALMAWIFI,-86.0
E3,Empty,38:91:b7:3d:b9:2e,ALMAWIFI,-95.0
E3,Empty,b0:aa:77:a8:42:5e,ALMAWIFI,-90.0
E3,Empty,38:91:b7:3d:b9:21,ALMAWIFI,-80.0
E3,Empty,00:81:c4:93:d3:41,ALMAWIFI,-66.0
E3,Empty,00:81:c4:93:d3:4e,ALMAWIFI,-79.0
E3,Empty,00:a6:ca:56:76:fe,ALMAWIFI,-52.0
E3,Empty,00:a6:ca:56:76:f1,ALMAWIFI,-50.0
E3,Empty,8c:1e:80:46:19:4e,ALMAWIFI,-70.0
E3,Empty,00:a6:ca:10:c8:0e,ALMAWIFI,-76.0
E3,Empty,00:a6:ca:10:c8:01,ALMAWIFI,-63.0
E3,Empty,60:b9:c0:9c:49:02,ALMAWIFI,-82.0
E3,Empty,b8:11:4b:07:8f:0e,ALMAWIFI,-95.0
E3,Empty,60:b9:c0:9c:49:0d,ALMAWIFI,-90.0
E3,Empty,b8:11:4b:07:8f:01,ALMAWIFI,-79.0
E3,Empty,8c:1e:80:46:19:41,ALMAWIFI,-53.0
E3,Empty,00:a6:ca:5f:8d:21,ALMAWIFI,-74.0
E3,Empty,b0:aa:77:a8:42:51,ALMAWIFI,-82.0
E3,Empty,00:a6:ca:5f:8d:2e,ALMAWIFI,-86.0
E3,Empty,38:91:b7:3d:b9:2e,ALMAWIFI,-95.0
E3,Empty,b0:aa:77:a8:42:5e,ALMAWIFI,-90.0
E3,Empty,38:91:b7:3d:b9:21,ALMAWIFI,-80.0
E3,Empty,00:81:c4:93:d3:41,ALMAWIFI,-65.0
E3,Empty,00:81:c4:93:d3:4e,ALMAWIFI,-78.0
E3,Empty,00:a6:ca:56:76:fe,ALMAWIFI,-41.0
E3,Empty,00:a6:ca:56:76:f1,ALMAWIFI,-40.0
E3,Empty,8c:1e:80:46:19:4e,ALMAWIFI,-68.0
E3,Empty,00:a6:ca:10:c8:0e,ALMAWIFI,-73.0
E3,Empty,00:a6:ca:10:c8:01,ALMAWIFI,-72.0
E3,Empty,60:b9:c0:9c:49:02,ALMAWIFI,-82.0
E3,Empty,b8:11:4b:07:8f:0e,ALMAWIFI,-95.0
E3,Empty,60:b9:c0:9c:49:0d,ALMAWIFI,-90.0
E3,Empty,b8:11:4b:07:8f:01,ALMAWIFI,-79.0
E3,Empty,8c:1e:80:46:19:41,ALMAWIFI,-65.0
E3,Empty,00:a6:ca:5f:8d:21,ALMAWIFI,-75.0
E3,Empty,b0:aa:77:a8:42:51,ALMAWIFI,-82.0
E3,Empty,00:a6:ca:5f:8d:2e,ALMAWIFI,-86.0
E3,Empty,38:91:b7:3d:b9:2e,ALMAWIFI,-95.0
E3,Empty,b0:aa:77:a8:42:5e,ALMAWIFI,-90.0
E3,Empty,38:91:b7:3d:b9:21,ALMAWIFI,-80.0
E3,Empty,00:81:c4:93:d3:41,ALMAWIFI,-65.0
E3,Empty,00:81:c4:93:d3:4e,ALMAWIFI,-81.0
E3,Empty,00:a6:ca:56:76:fe,ALMAWIFI,-57.0
E3,Empty,00:a6:ca:56:76:f1,ALMAWIFI,-46.0
E3,Empty,8c:1e:80:46:19:4e,ALMAWIFI,-68.0
E3,Empty,00:a6:ca:10:c8:0e,ALMAWIFI,-81.0
E3,Empty,00:a6:ca:10:c8:01,ALMAWIFI,-75.0
E3,Empty,60:b9:c0:9c:49:02,ALMAWIFI,-76.0
E3,Empty,b8:11:4b:07:8f:0e,ALMAWIFI,-95.0
E3,Empty,60:b9:c0:9c:49:0d,ALMAWIFI,-93.0
E3,Empty,b8:11:4b:07:8f:01,ALMAWIFI,-79.0
E3,Empty,8c:1e:80:46:19:41,ALMAWIFI,-60.0
E3,Empty,00:a6:ca:5f:8d:21,ALMAWIFI,-79.0
E3,Empty,b0:aa:77:a8:42:51,ALMAWIFI,-82.0
E3,Empty,00:a6:ca:5f:8d:2e,ALMAWIFI,-86.0
E3,Empty,38:91:b7:3d:b9:2e,ALMAWIFI,-95.0
E3,Empty,b0:aa:77:a8:42:5e,ALMAWIFI,-90.0
E3,Empty,38:91:b7:3d:b9:21,ALMAWIFI,-80.0
E3,Empty,00:81:c4:93:d3:41,ALMAWIFI,-70.0
E3,Empty,00:81:c4:93:d3:4e,ALMAWIFI,-81.0
E3,Empty,00:a6:ca:56:76:fe,ALMAWIFI,-47.0
E3,Empty,00:a6:ca:56:76:f1,ALMAWIFI,-46.0
E3,Empty,8c:1e:80:46:19:4e,ALMAWIFI,-70.0
E3,Empty,00:a6:ca:10:c8:0e,ALMAWIFI,-78.0
E3,Empty,00:a6:ca:10:c8:01,ALMAWIFI,-76.0
E3,Empty,60:b9:c0:9c:49:02,ALMAWIFI,-80.0
E3,Empty,b8:11:4b:07:8f:0e,ALMAWIFI,-95.0
E3,Empty,60:b9:c0:9c:49:0d,ALMAWIFI,-93.0
E3,Empty,b8:11:4b:07:8f:01,ALMAWIFI,-88.0
E3,Empty,8c:1e:80:46:19:41,ALMAWIFI,-59.0
E3,Empty,00:a6:ca:5f:8d:21,ALMAWIFI,-85.0
E3,Empty,b0:aa:77:a8:42:51,ALMAWIFI,-77.0
E3,Empty,00:a6:ca:5f:8d:2e,ALMAWIFI,-86.0
E3,Empty,38:91:b7:3d:b9:2e,ALMAWIFI,-95.0
E3,Empty,b0:aa:77:a8:42:5e,ALMAWIFI,-91.0
E3,Empty,38:91:b7:3d:b9:21,ALMAWIFI,-80.0
E3,Empty,00:81:c4:93:d3:41,ALMAWIFI,-63.0
E3,Empty,00:81:c4:93:d3:4e,ALMAWIFI,-78.0
E3,Empty,00:a6:ca:56:76:fe,ALMAWIFI,-52.0
E3,Empty,00:a6:ca:56:76:f1,ALMAWIFI,-49.0
E3,Empty,8c:1e:80:46:19:4e,ALMAWIFI,-73.0
E3,Empty,00:a6:ca:10:c8:0e,ALMAWIFI,-81.0
E3,Empty,00:a6:ca:10:c8:01,ALMAWIFI,-78.0
E3,Empty,60:b9:c0:9c:49:02,ALMAWIFI,-80.0
E3,Empty,b8:11:4b:07:8f:0e,ALMAWIFI,-95.0
E3,Empty,60:b9:c0:9c:49:0d,ALMAWIFI,-93.0
E3,Empty,b8:11:4b:07:8f:01,ALMAWIFI,-88.0
E3,Empty,8c:1e:80:46:19:41,ALMAWIFI,-59.0
E3,Empty,00:a6:ca:5f:8d:21,ALMAWIFI,-85.0
E3,Empty,b0:aa:77:a8:42:51,ALMAWIFI,-77.0
E3,Empty,00:a6:ca:5f:8d:2e,ALMAWIFI,-86.0
E3,Empty,38:91:b7:3d:b9:2e,ALMAWIFI,-95.0
E3,Empty,b0:aa:77:a8:42:5e,ALMAWIFI,-91.0
E3,Empty,38:91:b7:3d:b9:21,ALMAWIFI,-78.0
E3,Empty,00:81:c4:93:d3:41,ALMAWIFI,-68.0
E3,Empty,00:81:c4:93:d3:4e,ALMAWIFI,-78.0
E3,Empty,00:a6:ca:56:76:fe,ALMAWIFI,-45.0
E3,Empty,00:a6:ca:56:76:f1,ALMAWIFI,-54.0
E3,Empty,8c:1e:80:46:19:4e,ALMAWIFI,-68.0
E3,Empty,00:a6:ca:10:c8:0e,ALMAWIFI,-72.0
E3,Empty,00:a6:ca:10:c8:01,ALMAWIFI,-78.0
E3,Empty,60:b9:c0:9c:49:02,ALMAWIFI,-83.0
E3,Empty,b8:11:4b:07:8f:0e,ALMAWIFI,-95.0
E3,Empty,60:b9:c0:9c:49:0d,ALMAWIFI,-94.0
E3,Empty,b8:11:4b:07:8f:01,ALMAWIFI,-88.0
E3,Empty,8c:1e:80:46:19:41,ALMAWIFI,-59.0
E3,Empty,00:a6:ca:5f:8d:21,ALMAWIFI,-81.0
E3,Empty,b0:aa:77:a8:42:51,ALMAWIFI,-76.0
E3,Empty,00:a6:ca:5f:8d:2e,ALMAWIFI,-92.0
E3,Empty,38:91:b7:3d:b9:2e,ALMAWIFI,-95.0
E3,Empty,b0:aa:77:a8:42:5e,ALMAWIFI,-88.0
E3,Empty,38:91:b7:3d:b9:21,ALMAWIFI,-78.0
E3,Empty,00:81:c4:93:d3:41,ALMAWIFI,-64.0
E3,Empty,00:81:c4:93:d3:4e,ALMAWIFI,-76.0
E3,Empty,00:a6:ca:56:76:fe,ALMAWIFI,-50.0
E3,Empty,00:a6:ca:56:76:f1,ALMAWIFI,-49.0
E3,Empty,8c:1e:80:46:19:4e,ALMAWIFI,-84.0
E3,Empty,00:a6:ca:10:c8:0e,ALMAWIFI,-81.0
E3,Empty,00:a6:ca:10:c8:01,ALMAWIFI,-72.0
E3,Empty,60:b9:c0:9c:49:02,ALMAWIFI,-79.0
E3,Empty,60:b9:c0:9c:49:0d,ALMAWIFI,-94.0
E3,Empty,b8:11:4b:07:8f:01,ALMAWIFI,-81.0
E3,Empty,8c:1e:80:46:19:41,ALMAWIFI,-64.0
E3,Empty,00:a6:ca:5f:8d:21,ALMAWIFI,-81.0
E3,Empty,b0:aa:77:a8:42:51,ALMAWIFI,-78.0
E3,Empty,00:a6:ca:5f:8d:2e,ALMAWIFI,-92.0
E3,Empty,38:91:b7:3d:b9:2e,ALMAWIFI,-95.0
E3,Empty,b0:aa:77:a8:42:5e,ALMAWIFI,-88.0
E3,Empty,38:91:b7:3d:b9:21,ALMAWIFI,-78.0
E3,Empty,00:81:c4:93:d3:41,ALMAWIFI,-65.0
E3,Empty,00:81:c4:93:d3:4e,ALMAWIFI,-77.0
E3,Empty,00:a6:ca:56:76:fe,ALMAWIFI,-48.0
E3,Empty,00:a6:ca:56:76:f1,ALMAWIFI,-50.0
E3,Empty,8c:1e:80:46:19:4e,ALMAWIFI,-80.0
E3,Empty,00:a6:ca:10:c8:0e,ALMAWIFI,-76.0
E3,Empty,00:a6:ca:10:c8:01,ALMAWIFI,-77.0
E3,Empty,60:b9:c0:9c:49:02,ALMAWIFI,-79.0
E3,Empty,60:b9:c0:9c:49:0d,ALMAWIFI,-89.0
E3,Empty,b8:11:4b:07:8f:01,ALMAWIFI,-83.0
E3,Empty,8c:1e:80:46:19:41,ALMAWIFI,-64.0
E3,Empty,00:a6:ca:5f:8d:21,ALMAWIFI,-80.0
E3,Empty,b0:aa:77:a8:42:51,ALMAWIFI,-75.0
E3,Empty,00:a6:ca:5f:8d:2e,ALMAWIFI,-88.0
E3,Empty,38:91:b7:3d:b9:2e,ALMAWIFI,-95.0
E3,Empty,b0:aa:77:a8:42:5e,ALMAWIFI,-92.0
E3,Empty,38:91:b7:3d:b9:21,ALMAWIFI,-78.0
E3,Empty,00:81:c4:93:d3:41,ALMAWIFI,-62.0
E3,Empty,00:81:c4:93:d3:4e,ALMAWIFI,-79.0
E3,Empty,00:a6:ca:56:76:fe,ALMAWIFI,-53.0
E3,Empty,00:a6:ca:56:76:f1,ALMAWIFI,-47.0
E3,Empty,8c:1e:80:46:19:4e,ALMAWIFI,-66.0
E3,Empty,00:a6:ca:10:c8:0e,ALMAWIFI,-78.0
E3,Empty,00:a6:ca:10:c8:01,ALMAWIFI,-77.0
E3,Empty,60:b9:c0:9c:49:02,ALMAWIFI,-79.0
E3,Empty,60:b9:c0:9c:49:0d,ALMAWIFI,-93.0
E3,Empty,b8:11:4b:07:8f:01,ALMAWIFI,-85.0
E3,Empty,8c:1e:80:46:19:41,ALMAWIFI,-59.0
E3,Empty,00:a6:ca:5f:8d:21,ALMAWIFI,-75.0
E3,Empty,b0:aa:77:a8:42:51,ALMAWIFI,-75.0
E3,Empty,00:a6:ca:5f:8d:2e,ALMAWIFI,-84.0
E3,Empty,b0:aa:77:a8:42:5e,ALMAWIFI,-92.0
E3,Empty,38:91:b7:3d:b9:21,ALMAWIFI,-81.0
E3,Empty,b8:11:4b:07:8f:0e,ALMAWIFI,-93.0
E3,Empty,00:81:c4:93:d3:41,ALMAWIFI,-63.0
E3,Empty,00:81:c4:93:d3:4e,ALMAWIFI,-81.0
E3,Empty,00:a6:ca:56:76:fe,ALMAWIFI,-50.0
E3,Empty,00:a6:ca:56:76:f1,ALMAWIFI,-52.0
E3,Empty,8c:1e:80:46:19:4e,ALMAWIFI,-84.0
E3,Empty,00:a6:ca:10:c8:0e,ALMAWIFI,-76.0
E3,Empty,00:a6:ca:10:c8:01,ALMAWIFI,-71.0
E3,Empty,60:b9:c0:9c:49:02,ALMAWIFI,-79.0
E3,Empty,60:b9:c0:9c:49:0d,ALMAWIFI,-94.0
E3,Empty,b8:11:4b:07:8f:01,ALMAWIFI,-85.0
E3,Empty,8c:1e:80:46:19:41,ALMAWIFI,-62.0
E3,Empty,00:a6:ca:5f:8d:21,ALMAWIFI,-75.0
E3,Empty,b0:aa:77:a8:42:51,ALMAWIFI,-79.0
E3,Empty,00:a6:ca:5f:8d:2e,ALMAWIFI,-84.0
E3,Empty,b0:aa:77:a8:42:5e,ALMAWIFI,-92.0
E3,Empty,38:91:b7:3d:b9:21,ALMAWIFI,-83.0
E3,Empty,b8:11:4b:07:8f:0e,ALMAWIFI,-93.0
E3,Empty,00:81:c4:93:d3:41,ALMAWIFI,-55.0
E3,Empty,00:81:c4:93:d3:4e,ALMAWIFI,-82.0
E3,Empty,00:a6:ca:56:76:fe,ALMAWIFI,-49.0
E3,Empty,00:a6:ca:56:76:f1,ALMAWIFI,-50.0
E3,Empty,8c:1e:80:46:19:4e,ALMAWIFI,-68.0
E3,Empty,00:a6:ca:10:c8:0e,ALMAWIFI,-76.0
E3,Empty,00:a6:ca:10:c8:01,ALMAWIFI,-71.0
E3,Empty,60:b9:c0:9c:49:02,ALMAWIFI,-79.0
E3,Empty,60:b9:c0:9c:49:0d,ALMAWIFI,-94.0
E3,Empty,b8:11:4b:07:8f:01,ALMAWIFI,-85.0
E3,Empty,8c:1e:80:46:19:41,ALMAWIFI,-54.0
E3,Empty,00:a6:ca:5f:8d:21,ALMAWIFI,-75.0
E3,Empty,b0:aa:77:a8:42:51,ALMAWIFI,-79.0
E3,Empty,00:a6:ca:5f:8d:2e,ALMAWIFI,-84.0
E3,Empty,b0:aa:77:a8:42:5e,ALMAWIFI,-92.0
E3,Empty,38:91:b7:3d:b9:21,ALMAWIFI,-83.0
E3,Empty,b8:11:4b:07:8f:0e,ALMAWIFI,-94.0
E3,Empty,00:81:c4:93:d3:41,ALMAWIFI,-64.0
E3,Empty,00:81:c4:93:d3:4e,ALMAWIFI,-82.0
E3,Empty,00:a6:ca:56:76:fe,ALMAWIFI,-53.0
E3,Empty,00:a6:ca:56:76:f1,ALMAWIFI,-51.0
E3,Empty,8c:1e:80:46:19:4e,ALMAWIFI,-68.0
E3,Empty,00:a6:ca:10:c8:0e,ALMAWIFI,-81.0
E3,Empty,00:a6:ca:10:c8:01,ALMAWIFI,-71.0
E3,Empty,60:b9:c0:9c:49:02,ALMAWIFI,-79.0
E3,Empty,60:b9:c0:9c:49:0d,ALMAWIFI,-93.0
E3,Empty,b8:11:4b:07:8f:01,ALMAWIFI,-85.0
E3,Empty,8c:1e:80:46:19:41,ALMAWIFI,-54.0
E3,Empty,00:a6:ca:5f:8d:21,ALMAWIFI,-73.0
E3,Empty,b0:aa:77:a8:42:51,ALMAWIFI,-70.0
E3,Empty,00:a6:ca:5f:8d:2e,ALMAWIFI,-84.0
E3,Empty,b0:aa:77:a8:42:5e,ALMAWIFI,-92.0
E3,Empty,38:91:b7:3d:b9:21,ALMAWIFI,-83.0
E3,Empty,b8:11:4b:07:8f:0e,ALMAWIFI,-94.0
E3,Empty,00:81:c4:93:d3:41,ALMAWIFI,-62.0
E3,Empty,00:81:c4:93:d3:4e,ALMAWIFI,-80.0
E3,Empty,00:a6:ca:56:76:fe,ALMAWIFI,-60.0
E3,Empty,00:a6:ca:56:76:f1,ALMAWIFI,-51.0
E3,Empty,8c:1e:80:46:19:4e,ALMAWIFI,-82.0
E3,Empty,00:a6:ca:10:c8:0e,ALMAWIFI,-83.0
E3,Empty,00:a6:ca:10:c8:01,ALMAWIFI,-67.0
E3,Empty,60:b9:c0:9c:49:02,ALMAWIFI,-79.0
E3,Empty,60:b9:c0:9c:49:0d,ALMAWIFI,-93.0
E3,Empty,b8:11:4b:07:8f:01,ALMAWIFI,-78.0
E3,Empty,8c:1e:80:46:19:41,ALMAWIFI,-72.0
E3,Empty,00:a6:ca:5f:8d:21,ALMAWIFI,-78.0
E3,Empty,b0:aa:77:a8:42:51,ALMAWIFI,-70.0
E3,Empty,00:a6:ca:5f:8d:2e,ALMAWIFI,-84.0
E3,Empty,b0:aa:77:a8:42:5e,ALMAWIFI,-92.0
E3,Empty,38:91:b7:3d:b9:21,ALMAWIFI,-83.0
E3,Empty,b8:11:4b:07:8f:0e,ALMAWIFI,-94.0
E3,Empty,00:81:c4:93:d3:41,ALMAWIFI,-64.0
E3,Empty,00:81:c4:93:d3:4e,ALMAWIFI,-80.0
E3,Empty,00:a6:ca:56:76:fe,ALMAWIFI,-46.0
E3,Empty,00:a6:ca:56:76:f1,ALMAWIFI,-53.0
E3,Empty,8c:1e:80:46:19:4e,ALMAWIFI,-76.0
E3,Empty,00:a6:ca:10:c8:0e,ALMAWIFI,-76.0
E3,Empty,00:a6:ca:10:c8:01,ALMAWIFI,-67.0
E3,Empty,60:b9:c0:9c:49:02,ALMAWIFI,-79.0
E3,Empty,60:b9:c0:9c:49:0d,ALMAWIFI,-91.0
E3,Empty,b8:11:4b:07:8f:01,ALMAWIFI,-78.0
E3,Empty,8c:1e:80:46:19:41,ALMAWIFI,-72.0
E3,Empty,00:a6:ca:5f:8d:21,ALMAWIFI,-85.0
E3,Empty,b0:aa:77:a8:42:51,ALMAWIFI,-76.0
E3,Empty,00:a6:ca:5f:8d:2e,ALMAWIFI,-92.0
E3,Empty,b0:aa:77:a8:42:5e,ALMAWIFI,-92.0
E3,Empty,38:91:b7:3d:b9:21,ALMAWIFI,-83.0
E3,Empty,b8:11:4b:07:8f:0e,ALMAWIFI,-95.0
E3,Empty,00:81:c4:93:d3:41,ALMAWIFI,-62.0
E3,Empty,00:81:c4:93:d3:4e,ALMAWIFI,-77.0
E3,Empty,00:a6:ca:56:76:fe,ALMAWIFI,-51.0
E3,Empty,00:a6:ca:56:76:f1,ALMAWIFI,-47.0
E3,Empty,8c:1e:80:46:19:4e,ALMAWIFI,-80.0
E3,Empty,00:a6:ca:10:c8:0e,ALMAWIFI,-81.0
E3,Empty,00:a6:ca:10:c8:01,ALMAWIFI,-67.0
E3,Empty,60:b9:c0:9c:49:0d,ALMAWIFI,-91.0
E3,Empty,b8:11:4b:07:8f:01,ALMAWIFI,-84.0
E3,Empty,8c:1e:80:46:19:41,ALMAWIFI,-57.0
E3,Empty,00:a6:ca:5f:8d:21,ALMAWIFI,-75.0
E3,Empty,b0:aa:77:a8:42:51,ALMAWIFI,-76.0
E3,Empty,00:a6:ca:5f:8d:2e,ALMAWIFI,-88.0
E3,Empty,b0:aa:77:a8:42:5e,ALMAWIFI,-92.0
E3,Empty,38:91:b7:3d:b9:21,ALMAWIFI,-83.0
E3,Empty,b8:11:4b:07:8f:0e,ALMAWIFI,-95.0
E3,Empty,00:81:c4:93:d3:41,ALMAWIFI,-70.0
E3,Empty,00:81:c4:93:d3:4e,ALMAWIFI,-75.0
E3,Empty,00:a6:ca:56:76:fe,ALMAWIFI,-49.0
E3,Empty,00:a6:ca:56:76:f1,ALMAWIFI,-52.0
E3,Empty,8c:1e:80:46:19:4e,ALMAWIFI,-71.0
E3,Empty,00:a6:ca:10:c8:0e,ALMAWIFI,-79.0
E3,Empty,00:a6:ca:10:c8:01,ALMAWIFI,-75.0
E3,Empty,60:b9:c0:9c:49:0d,ALMAWIFI,-93.0
E3,Empty,b8:11:4b:07:8f:01,ALMAWIFI,-84.0
E3,Empty,8c:1e:80:46:19:41,ALMAWIFI,-57.0
E3,Empty,00:a6:ca:5f:8d:21,ALMAWIFI,-73.0
E3,Empty,b0:aa:77:a8:42:51,ALMAWIFI,-80.0
E3,Empty,00:a6:ca:5f:8d:2e,ALMAWIFI,-88.0
E3,Empty,b0:aa:77:a8:42:5e,ALMAWIFI,-92.0
E3,Empty,38:91:b7:3d:b9:21,ALMAWIFI,-83.0
E3,Empty,b8:11:4b:07:8f:0e,ALMAWIFI,-95.0
E3,Empty,00:81:c4:93:d3:41,ALMAWIFI,-65.0
E3,Empty,00:81:c4:93:d3:4e,ALMAWIFI,-78.0
E3,Empty,00:a6:ca:56:76:fe,ALMAWIFI,-52.0
E3,Empty,00:a6:ca:56:76:f1,ALMAWIFI,-46.0
E3,Empty,8c:1e:80:46:19:4e,ALMAWIFI,-81.0
E3,Empty,00:a6:ca:10:c8:0e,ALMAWIFI,-86.0
E3,Empty,00:a6:ca:10:c8:01,ALMAWIFI,-75.0
E3,Empty,60:b9:c0:9c:49:0d,ALMAWIFI,-93.0
E3,Empty,b8:11:4b:07:8f:01,ALMAWIFI,-84.0
E3,Empty,8c:1e:80:46:19:41,ALMAWIFI,-65.0
E3,Empty,00:a6:ca:5f:8d:21,ALMAWIFI,-75.0
E3,Empty,b0:aa:77:a8:42:51,ALMAWIFI,-71.0
E3,Empty,00:a6:ca:5f:8d:2e,ALMAWIFI,-88.0
E3,Empty,38:91:b7:3d:b9:21,ALMAWIFI,-83.0
E3,Empty,b8:11:4b:07:8f:0e,ALMAWIFI,-95.0
E3,Empty,60:b9:c0:9c:49:02,ALMAWIFI,-84.0
E3,Empty,00:81:c4:93:d3:41,ALMAWIFI,-70.0
E3,Empty,00:81:c4:93:d3:4e,ALMAWIFI,-77.0
E3,Empty,00:a6:ca:56:76:fe,ALMAWIFI,-48.0
E3,Empty,00:a6:ca:56:76:f1,ALMAWIFI,-50.0
E3,Empty,8c:1e:80:46:19:4e,ALMAWIFI,-82.0
E3,Empty,00:a6:ca:10:c8:0e,ALMAWIFI,-80.0
E3,Empty,00:a6:ca:10:c8:01,ALMAWIFI,-78.0
E3,Empty,60:b9:c0:9c:49:0d,ALMAWIFI,-92.0
E3,Empty,b8:11:4b:07:8f:01,ALMAWIFI,-84.0
E3,Empty,8c:1e:80:46:19:41,ALMAWIFI,-65.0
E3,Empty,00:a6:ca:5f:8d:21,ALMAWIFI,-77.0
E3,Empty,b0:aa:77:a8:42:51,ALMAWIFI,-82.0
E3,Empty,00:a6:ca:5f:8d:2e,ALMAWIFI,-88.0
E3,Empty,b8:11:4b:07:8f:0e,ALMAWIFI,-96.0
E3,Empty,60:b9:c0:9c:49:02,ALMAWIFI,-80.0
E3,Empty,00:81:c4:93:d3:41,ALMAWIFI,-62.0
E3,Empty,00:81:c4:93:d3:4e,ALMAWIFI,-77.0
E3,Empty,00:a6:ca:56:76:fe,ALMAWIFI,-61.0
E3,Empty,00:a6:ca:56:76:f1,ALMAWIFI,-49.0
E3,Empty,8c:1e:80:46:19:4e,ALMAWIFI,-79.0
E3,Empty,00:a6:ca:10:c8:0e,ALMAWIFI,-82.0
E3,Empty,00:a6:ca:10:c8:01,ALMAWIFI,-76.0
E3,Empty,60:b9:c0:9c:49:0d,ALMAWIFI,-92.0
E3,Empty,b8:11:4b:07:8f:01,ALMAWIFI,-84.0
E3,Empty,8c:1e:80:46:19:41,ALMAWIFI,-65.0
E3,Empty,00:a6:ca:5f:8d:21,ALMAWIFI,-82.0
E3,Empty,b0:aa:77:a8:42:51,ALMAWIFI,-74.0
E3,Empty,00:a6:ca:5f:8d:2e,ALMAWIFI,-88.0
E3,Empty,b8:11:4b:07:8f:0e,ALMAWIFI,-96.0
E3,Empty,60:b9:c0:9c:49:02,ALMAWIFI,-82.0
E3,Empty,00:81:c4:93:d3:41,ALMAWIFI,-63.0
E3,Empty,00:81:c4:93:d3:4e,ALMAWIFI,-81.0
E3,Empty,00:a6:ca:56:76:fe,ALMAWIFI,-47.0
E3,Empty,00:a6:ca:56:76:f1,ALMAWIFI,-48.0
E3,Empty,8c:1e:80:46:19:4e,ALMAWIFI,-73.0
E3,Empty,00:a6:ca:10:c8:0e,ALMAWIFI,-82.0
E3,Empty,00:a6:ca:10:c8:01,ALMAWIFI,-70.0
E3,Empty,60:b9:c0:9c:49:0d,ALMAWIFI,-92.0
E3,Empty,b8:11:4b:07:8f:01,ALMAWIFI,-84.0
E3,Empty,8c:1e:80:46:19:41,ALMAWIFI,-65.0
E3,Empty,00:a6:ca:5f:8d:21,ALMAWIFI,-82.0
E3,Empty,b0:aa:77:a8:42:51,ALMAWIFI,-78.0
E3,Empty,00:a6:ca:5f:8d:2e,ALMAWIFI,-88.0
E3,Empty,b8:11:4b:07:8f:0e,ALMAWIFI,-96.0
E3,Empty,60:b9:c0:9c:49:02,ALMAWIFI,-82.0
E3,Empty,00:81:c4:93:d3:41,ALMAWIFI,-65.0
E3,Empty,00:81:c4:93:d3:4e,ALMAWIFI,-78.0
E3,Empty,00:a6:ca:56:76:fe,ALMAWIFI,-62.0
E3,Empty,00:a6:ca:56:76:f1,ALMAWIFI,-53.0
E3,Empty,8c:1e:80:46:19:4e,ALMAWIFI,-82.0
E3,Empty,00:a6:ca:10:c8:0e,ALMAWIFI,-80.0
E3,Empty,00:a6:ca:10:c8:01,ALMAWIFI,-74.0
E3,Empty,60:b9:c0:9c:49:0d,ALMAWIFI,-94.0
E3,Empty,b8:11:4b:07:8f:01,ALMAWIFI,-84.0
E3,Empty,8c:1e:80:46:19:41,ALMAWIFI,-65.0
E3,Empty,00:a6:ca:5f:8d:21,ALMAWIFI,-78.0
E3,Empty,b0:aa:77:a8:42:51,ALMAWIFI,-71.0
E3,Empty,00:a6:ca:5f:8d:2e,ALMAWIFI,-88.0
E3,Empty,b8:11:4b:07:8f:0e,ALMAWIFI,-96.0
E3,Empty,60:b9:c0:9c:49:02,ALMAWIFI,-78.0
E3,Empty,00:81:c4:93:d3:41,ALMAWIFI,-65.0
E3,Empty,00:81:c4:93:d3:4e,ALMAWIFI,-74.0
E3,Empty,00:a6:ca:56:76:fe,ALMAWIFI,-54.0
E3,Empty,00:a6:ca:56:76:f1,ALMAWIFI,-62.0
E3,Empty,8c:1e:80:46:19:4e,ALMAWIFI,-84.0
E3,Empty,00:a6:ca:10:c8:0e,ALMAWIFI,-85.0
E3,Empty,00:a6:ca:10:c8:01,ALMAWIFI,-68.0
E3,Empty,60:b9:c0:9c:49:0d,ALMAWIFI,-93.0
E3,Empty,b8:11:4b:07:8f:01,ALMAWIFI,-84.0
E3,Empty,8c:1e:80:46:19:41,ALMAWIFI,-70.0
E3,Empty,00:a6:ca:5f:8d:21,ALMAWIFI,-79.0
E3,Empty,b0:aa:77:a8:42:51,ALMAWIFI,-71.0
E3,Empty,00:a6:ca:5f:8d:2e,ALMAWIFI,-88.0
E3,Empty,b8:11:4b:07:8f:0e,ALMAWIFI,-96.0
E3,Empty,60:b9:c0:9c:49:02,ALMAWIFI,-84.0
E3,Empty,00:81:c4:93:d3:41,ALMAWIFI,-62.0
E3,Empty,00:81:c4:93:d3:4e,ALMAWIFI,-78.0
E3,Empty,00:a6:ca:56:76:fe,ALMAWIFI,-56.0
E3,Empty,00:a6:ca:56:76:f1,ALMAWIFI,-51.0
E3,Empty,8c:1e:80:46:19:4e,ALMAWIFI,-79.0
E3,Empty,00:a6:ca:10:c8:0e,ALMAWIFI,-78.0
E3,Empty,00:a6:ca:10:c8:01,ALMAWIFI,-74.0
E3,Empty,60:b9:c0:9c:49:0d,ALMAWIFI,-93.0
E3,Empty,8c:1e:80:46:19:41,ALMAWIFI,-70.0
E3,Empty,00:a6:ca:5f:8d:21,ALMAWIFI,-76.0
E3,Empty,b0:aa:77:a8:42:51,ALMAWIFI,-75.0
E3,Empty,00:a6:ca:5f:8d:2e,ALMAWIFI,-85.0
E3,Empty,b8:11:4b:07:8f:0e,ALMAWIFI,-94.0
E3,Empty,60:b9:c0:9c:49:02,ALMAWIFI,-86.0
E3,Empty,00:81:c4:93:d3:41,ALMAWIFI,-67.0
E3,Empty,00:81:c4:93:d3:4e,ALMAWIFI,-87.0
E3,Empty,00:a6:ca:56:76:fe,ALMAWIFI,-51.0
E3,Empty,00:a6:ca:56:76:f1,ALMAWIFI,-52.0
E3,Empty,8c:1e:80:46:19:4e,ALMAWIFI,-75.0
E3,Empty,00:a6:ca:10:c8:0e,ALMAWIFI,-69.0
E3,Empty,00:a6:ca:10:c8:01,ALMAWIFI,-71.0
E3,Empty,60:b9:c0:9c:49:0d,ALMAWIFI,-90.0
E3,Empty,8c:1e:80:46:19:41,ALMAWIFI,-63.0
E3,Empty,00:a6:ca:5f:8d:21,ALMAWIFI,-80.0
E3,Empty,b0:aa:77:a8:42:51,ALMAWIFI,-75.0
E3,Empty,00:a6:ca:5f:8d:2e,ALMAWIFI,-85.0
E3,Empty,b8:11:4b:07:8f:0e,ALMAWIFI,-94.0
E3,Empty,60:b9:c0:9c:49:02,ALMAWIFI,-84.0
E3,Empty,00:81:c4:93:d3:41,ALMAWIFI,-67.0
E3,Empty,00:81:c4:93:d3:4e,ALMAWIFI,-79.0
E3,Empty,00:a6:ca:56:76:fe,ALMAWIFI,-55.0
E3,Empty,00:a6:ca:56:76:f1,ALMAWIFI,-47.0
E3,Empty,8c:1e:80:46:19:4e,ALMAWIFI,-76.0
E3,Empty,00:a6:ca:10:c8:0e,ALMAWIFI,-71.0
E3,Empty,00:a6:ca:10:c8:01,ALMAWIFI,-61.0
E3,Empty,60:b9:c0:9c:49:0d,ALMAWIFI,-91.0
E3,Empty,8c:1e:80:46:19:41,ALMAWIFI,-63.0
E3,Empty,00:a6:ca:5f:8d:21,ALMAWIFI,-69.0
E3,Empty,b0:aa:77:a8:42:51,ALMAWIFI,-78.0
E3,Empty,00:a6:ca:5f:8d:2e,ALMAWIFI,-82.0
E3,Empty,b8:11:4b:07:8f:0e,ALMAWIFI,-94.0
E3,Empty,60:b9:c0:9c:49:02,ALMAWIFI,-84.0
E3,Empty,38:91:b7:3d:b9:21,ALMAWIFI,-72.0
E3,Empty,b8:11:4b:07:8f:01,ALMAWIFI,-78.0
E3,Empty,38:91:b7:3d:b9:2e,ALMAWIFI,-98.0
E3,Empty,00:81:c4:93:d3:41,ALMAWIFI,-67.0
E3,Empty,00:81:c4:93:d3:4e,ALMAWIFI,-77.0
E3,Empty,00:a6:ca:56:76:fe,ALMAWIFI,-44.0
E3,Empty,00:a6:ca:56:76:f1,ALMAWIFI,-48.0
E3,Empty,8c:1e:80:46:19:4e,ALMAWIFI,-73.0
E3,Empty,00:a6:ca:10:c8:0e,ALMAWIFI,-77.0
E3,Empty,00:a6:ca:10:c8:01,ALMAWIFI,-61.0
E3,Empty,60:b9:c0:9c:49:0d,ALMAWIFI,-92.0
E3,Empty,8c:1e:80:46:19:41,ALMAWIFI,-63.0
E3,Empty,00:a6:ca:5f:8d:21,ALMAWIFI,-76.0
E3,Empty,b0:aa:77:a8:42:51,ALMAWIFI,-80.0
E3,Empty,00:a6:ca:5f:8d:2e,ALMAWIFI,-82.0
E3,Empty,b8:11:4b:07:8f:0e,ALMAWIFI,-94.0
E3,Empty,60:b9:c0:9c:49:02,ALMAWIFI,-86.0
E3,Empty,38:91:b7:3d:b9:21,ALMAWIFI,-72.0
E3,Empty,b8:11:4b:07:8f:01,ALMAWIFI,-78.0
E3,Empty,38:91:b7:3d:b9:2e,ALMAWIFI,-98.0
